LeaveRequestID,EmployeeID,LeaveTypeID,RequestDate,LeaveStartDate,LeaveEndDate,RequestedDays,Status,ApprovalDate,ManagerComments
5001,1003,2,2026-07-17,2026-07-29,2026-07-29,1,Approved,2026-07-19,
5002,1056,1,2026-04-08,2026-04-19,2026-04-26,8,Cancelled,,
5003,1041,3,2026-02-11,2026-02-25,2026-02-27,3,Rejected,2026-02-13,Peak delivery period
5004,1018,1,2026-06-05,2026-06-28,2026-06-30,3,Approved,2026-06-10,
5005,1047,2,2026-02-11,2026-02-28,2026-03-03,4,Approved,2026-02-14,
5006,1060,2,2026-06-25,2026-07-08,2026-07-08,1,Approved,2026-06-27,
5007,1053,1,2026-07-26,2026-08-08,2026-08-14,7,Approved,2026-07-29,
5008,1005,2,2026-08-22,2026-09-12,2026-09-14,3,Pending,,
5009,1014,5,2026-04-12,2026-05-05,2026-05-08,4,Approved,2026-04-14,
5010,1017,1,2026-03-05,2026-03-31,2026-04-04,5,Rejected,2026-03-11,Peak delivery period
5011,1028,4,2026-04-03,2026-04-13,2026-04-14,2,Approved,2026-04-08,
5012,1032,1,2026-07-13,2026-07-17,2026-07-18,2,Cancelled,,
5013,1010,1,2026-07-22,2026-08-15,2026-08-21,7,Pending,,
5014,1039,1,2026-04-09,2026-04-24,2026-05-01,8,Approved,2026-04-14,
5015,1017,1,2026-06-24,2026-07-20,2026-07-21,2,Approved,2026-06-30,
5016,1057,2,2026-07-16,2026-08-08,2026-08-10,3,Approved,2026-07-17,
5017,1019,4,2026-02-10,2026-02-27,2026-02-27,1,Approved,2026-02-16,
5018,1057,2,2026-09-06,2026-09-25,2026-09-26,2,Approved,2026-09-11,
5019,1059,1,2026-08-11,2026-09-03,2026-09-07,5,Approved,2026-08-17,
5020,1033,2,2026-02-09,2026-02-23,2026-02-24,2,Approved,2026-02-14,
5021,1050,1,2026-06-03,2026-06-16,2026-06-23,8,Approved,2026-06-04,
5022,1008,3,2026-08-13,2026-09-11,2026-09-13,3,Approved,2026-08-15,
5023,1004,2,2026-08-13,2026-09-03,2026-09-03,1,Approved,2026-08-14,
5024,1047,5,2026-07-28,2026-08-02,2026-08-03,2,Approved,2026-07-30,
5025,1043,5,2026-08-31,2026-09-20,2026-09-21,2,Approved,2026-09-03,
5026,1034,4,2026-09-04,2026-09-13,2026-09-14,2,Pending,,
5027,1046,2,2026-04-13,2026-05-07,2026-05-09,3,Approved,2026-04-17,
5028,1058,5,2026-01-31,2026-02-10,2026-02-11,2,Approved,2026-02-01,
5029,1022,1,2026-05-31,2026-06-20,2026-06-23,4,Approved,2026-06-05,
5030,1015,1,2026-01-19,2026-02-13,2026-02-13,1,Approved,2026-01-21,
5031,1005,1,2026-08-09,2026-08-22,2026-08-23,2,Approved,2026-08-14,
5032,1016,2,2026-06-21,2026-07-09,2026-07-10,2,Approved,2026-06-26,
5033,1009,5,2026-03-04,2026-04-01,2026-04-04,4,Approved,2026-03-08,
5034,1013,1,2026-01-25,2026-02-18,2026-02-24,7,Cancelled,,
5035,1023,4,2026-04-16,2026-05-03,2026-05-03,1,Cancelled,,
5036,1044,1,2026-01-16,2026-01-31,2026-02-05,6,Pending,,
5037,1052,1,2026-03-05,2026-03-14,2026-03-17,4,Approved,2026-03-10,
5038,1029,1,2026-04-19,2026-04-27,2026-05-01,5,Approved,2026-04-23,
5039,1016,1,2026-04-24,2026-05-22,2026-05-23,2,Rejected,2026-04-25,Peak delivery period
5040,1035,1,2026-09-06,2026-09-11,2026-09-14,4,Approved,2026-09-08,
5041,1027,5,2026-05-04,2026-05-13,2026-05-16,4,Approved,2026-05-05,
5042,1011,4,2026-01-01,2026-01-16,2026-01-18,3,Approved,2026-01-05,
5043,1019,4,2026-06-28,2026-07-24,2026-07-27,4,Approved,2026-06-30,
5044,1013,2,2026-02-25,2026-03-01,2026-03-01,1,Pending,,
5045,1048,3,2026-01-15,2026-01-19,2026-01-22,4,Approved,2026-01-20,
5046,1059,1,2026-01-15,2026-02-03,2026-02-04,2,Approved,2026-01-17,
5047,1005,1,2026-06-22,2026-07-22,2026-07-25,4,Approved,2026-06-26,
5048,1008,2,2026-05-29,2026-06-20,2026-06-20,1,Approved,2026-06-03,
5049,1006,4,2026-06-18,2026-07-09,2026-07-11,3,Approved,2026-06-21,
5050,1014,3,2026-03-03,2026-03-14,2026-03-17,4,Approved,2026-03-05,
5051,1043,2,2026-04-28,2026-05-11,2026-05-11,1,Cancelled,,
5052,1001,5,2026-06-09,2026-06-30,2026-06-30,1,Rejected,2026-06-10,Peak delivery period
5053,1014,2,2026-02-03,2026-02-17,2026-02-17,1,Cancelled,,
5054,1057,2,2026-04-05,2026-04-17,2026-04-18,2,Pending,,
5055,1029,2,2026-06-06,2026-07-04,2026-07-04,1,Approved,2026-06-12,
5056,1053,2,2026-08-27,2026-09-20,2026-09-20,1,Pending,,
5057,1057,1,2026-03-09,2026-03-15,2026-03-16,2,Approved,2026-03-15,
5058,1036,1,2026-03-11,2026-03-23,2026-03-26,4,Approved,2026-03-17,
5059,1022,2,2026-06-25,2026-07-18,2026-07-20,3,Approved,2026-06-30,
5060,1032,2,2026-08-20,2026-09-19,2026-09-19,1,Approved,2026-08-21,
5061,1041,4,2026-08-01,2026-08-12,2026-08-12,1,Approved,2026-08-02,
5062,1022,1,2026-06-13,2026-06-24,2026-06-26,3,Approved,2026-06-19,
5063,1029,4,2026-05-24,2026-05-27,2026-05-27,1,Pending,,
5064,1005,1,2026-05-20,2026-05-24,2026-05-29,6,Approved,2026-05-25,
5065,1036,1,2026-04-21,2026-04-28,2026-04-28,1,Approved,2026-04-24,
5066,1024,1,2026-08-19,2026-09-02,2026-09-05,4,Approved,2026-08-25,
5067,1016,1,2026-04-01,2026-04-28,2026-05-04,7,Approved,2026-04-06,
5068,1048,1,2026-08-25,2026-09-04,2026-09-06,3,Pending,,
5069,1052,1,2026-08-14,2026-08-30,2026-08-30,1,Approved,2026-08-16,
5070,1048,3,2026-07-20,2026-08-05,2026-08-06,2,Cancelled,,
5071,1018,1,2026-07-21,2026-08-15,2026-08-16,2,Rejected,2026-07-25,Coverage unavailable
5072,1055,5,2026-02-26,2026-03-07,2026-03-10,4,Approved,2026-03-01,
5073,1020,2,2026-02-27,2026-03-02,2026-03-03,2,Approved,2026-03-03,
5074,1022,2,2026-08-10,2026-08-15,2026-08-17,3,Pending,,
5075,1023,4,2026-06-23,2026-07-22,2026-07-24,3,Rejected,2026-06-24,Coverage unavailable
5076,1057,2,2026-02-15,2026-03-08,2026-03-10,3,Rejected,2026-02-16,Coverage unavailable
5077,1039,4,2026-03-30,2026-04-25,2026-04-27,3,Rejected,2026-04-03,Peak delivery period
5078,1033,1,2026-04-09,2026-04-30,2026-05-03,4,Approved,2026-04-12,
5079,1003,4,2026-01-01,2026-01-20,2026-01-21,2,Approved,2026-01-04,
5080,1028,1,2026-08-31,2026-09-24,2026-09-29,6,Approved,2026-09-05,
5081,1021,1,2026-07-04,2026-07-16,2026-07-20,5,Pending,,
5082,1043,4,2026-03-25,2026-04-09,2026-04-11,3,Approved,2026-03-30,
5083,1009,2,2026-04-18,2026-05-12,2026-05-15,4,Approved,2026-04-24,
5084,1048,1,2026-06-07,2026-06-28,2026-07-02,5,Approved,2026-06-11,
5085,1036,1,2026-03-19,2026-03-31,2026-04-03,4,Approved,2026-03-23,
5086,1051,3,2026-04-30,2026-05-17,2026-05-20,4,Approved,2026-05-06,
5087,1014,5,2026-07-23,2026-08-20,2026-08-21,2,Rejected,2026-07-29,Coverage unavailable
5088,1019,3,2026-01-24,2026-02-22,2026-02-23,2,Approved,2026-01-30,
5089,1020,2,2026-07-26,2026-08-04,2026-08-05,2,Pending,,
5090,1002,1,2026-03-04,2026-03-22,2026-03-23,2,Approved,2026-03-08,
5091,1027,2,2026-07-03,2026-07-28,2026-07-31,4,Approved,2026-07-07,
5092,1026,2,2026-02-07,2026-03-02,2026-03-02,1,Rejected,2026-02-08,Insufficient notice
5093,1015,1,2026-07-25,2026-08-19,2026-08-26,8,Rejected,2026-07-26,Peak delivery period
5094,1016,1,2026-04-27,2026-05-04,2026-05-11,8,Approved,2026-05-03,
5095,1034,3,2026-09-01,2026-09-28,2026-10-01,4,Rejected,2026-09-06,Peak delivery period
5096,1058,4,2026-08-01,2026-08-21,2026-08-24,4,Approved,2026-08-03,
5097,1048,5,2026-04-26,2026-05-07,2026-05-08,2,Approved,2026-05-02,
5098,1018,5,2026-06-10,2026-06-20,2026-06-22,3,Approved,2026-06-14,
5099,1005,2,2026-03-02,2026-03-13,2026-03-15,3,Approved,2026-03-05,
5100,1058,1,2026-02-05,2026-02-12,2026-02-15,4,Approved,2026-02-09,
5101,1045,1,2026-06-30,2026-07-09,2026-07-10,2,Approved,2026-07-04,
5102,1027,3,2026-05-19,2026-06-05,2026-06-08,4,Approved,2026-05-20,
5103,1014,4,2026-04-10,2026-05-07,2026-05-07,1,Approved,2026-04-15,
5104,1025,5,2026-01-02,2026-01-16,2026-01-18,3,Approved,2026-01-06,
5105,1055,4,2026-05-18,2026-06-13,2026-06-14,2,Pending,,
5106,1032,2,2026-03-11,2026-03-27,2026-03-30,4,Approved,2026-03-12,
5107,1025,3,2026-06-21,2026-07-15,2026-07-18,4,Approved,2026-06-27,
5108,1011,5,2026-08-24,2026-08-31,2026-08-31,1,Rejected,2026-08-28,Peak delivery period
5109,1037,1,2026-01-22,2026-02-14,2026-02-20,7,Approved,2026-01-24,
5110,1056,5,2026-02-16,2026-02-20,2026-02-22,3,Approved,2026-02-20,
5111,1021,2,2026-04-27,2026-05-10,2026-05-12,3,Approved,2026-05-01,
5112,1018,4,2026-03-06,2026-04-04,2026-04-04,1,Approved,2026-03-10,
5113,1002,1,2026-09-01,2026-09-15,2026-09-18,4,Pending,,
5114,1042,1,2026-07-19,2026-08-11,2026-08-11,1,Pending,,
5115,1049,1,2026-09-01,2026-09-11,2026-09-14,4,Approved,2026-09-02,
5116,1040,1,2026-03-03,2026-03-10,2026-03-17,8,Pending,,
5117,1043,1,2026-05-25,2026-06-03,2026-06-10,8,Pending,,
5118,1045,2,2026-07-16,2026-07-30,2026-07-31,2,Approved,2026-07-21,
5119,1039,1,2026-07-19,2026-08-17,2026-08-19,3,Pending,,
5120,1020,1,2026-05-29,2026-06-01,2026-06-05,5,Approved,2026-06-03,
5121,1044,4,2026-04-12,2026-05-07,2026-05-08,2,Pending,,
5122,1005,2,2026-01-27,2026-02-21,2026-02-23,3,Pending,,
5123,1055,1,2026-07-23,2026-08-13,2026-08-13,1,Approved,2026-07-26,
5124,1035,4,2026-06-19,2026-07-03,2026-07-03,1,Approved,2026-06-24,
5125,1042,3,2026-01-04,2026-02-03,2026-02-06,4,Approved,2026-01-08,
5126,1007,4,2026-09-03,2026-09-17,2026-09-20,4,Approved,2026-09-09,
5127,1010,4,2026-02-15,2026-03-13,2026-03-15,3,Pending,,
5128,1040,5,2026-04-30,2026-05-16,2026-05-18,3,Pending,,
5129,1021,2,2026-08-01,2026-08-06,2026-08-08,3,Approved,2026-08-05,
5130,1016,5,2026-05-26,2026-06-17,2026-06-20,4,Approved,2026-05-29,
5131,1002,5,2026-08-06,2026-08-19,2026-08-20,2,Approved,2026-08-10,
5132,1014,3,2026-07-24,2026-08-04,2026-08-06,3,Approved,2026-07-27,
5133,1057,2,2026-05-23,2026-05-26,2026-05-27,2,Approved,2026-05-24,
5134,1016,4,2026-05-06,2026-05-26,2026-05-27,2,Approved,2026-05-12,
5135,1031,5,2026-04-25,2026-05-23,2026-05-23,1,Cancelled,,
5136,1006,2,2026-02-26,2026-03-13,2026-03-14,2,Approved,2026-03-01,
5137,1043,3,2026-05-02,2026-05-22,2026-05-24,3,Approved,2026-05-06,
5138,1048,3,2026-04-01,2026-04-26,2026-04-29,4,Rejected,2026-04-04,Insufficient notice
5139,1017,2,2026-01-31,2026-02-26,2026-02-27,2,Approved,2026-02-03,
5140,1008,1,2026-02-19,2026-02-28,2026-03-07,8,Cancelled,,
5141,1018,2,2026-01-26,2026-02-24,2026-02-25,2,Cancelled,,
5142,1019,2,2026-04-03,2026-04-11,2026-04-13,3,Approved,2026-04-04,
5143,1046,1,2026-03-12,2026-03-16,2026-03-16,1,Approved,2026-03-17,
5144,1019,1,2026-06-13,2026-07-13,2026-07-20,8,Approved,2026-06-14,
5145,1056,1,2026-05-27,2026-06-08,2026-06-15,8,Approved,2026-05-31,
5146,1029,3,2026-02-17,2026-02-21,2026-02-23,3,Approved,2026-02-21,
5147,1008,1,2026-04-13,2026-05-01,2026-05-02,2,Approved,2026-04-18,
5148,1041,1,2026-02-08,2026-02-15,2026-02-19,5,Approved,2026-02-09,
5149,1016,1,2026-05-23,2026-06-19,2026-06-25,7,Approved,2026-05-28,
5150,1039,2,2026-07-18,2026-08-06,2026-08-09,4,Approved,2026-07-22,
5151,1059,5,2026-03-18,2026-04-17,2026-04-20,4,Pending,,
5152,1020,1,2026-06-06,2026-07-02,2026-07-03,2,Approved,2026-06-08,
5153,1041,2,2026-03-09,2026-04-02,2026-04-02,1,Approved,2026-03-11,
5154,1016,1,2026-05-22,2026-05-27,2026-05-29,3,Approved,2026-05-23,
5155,1027,5,2026-06-26,2026-07-18,2026-07-21,4,Cancelled,,
5156,1019,1,2026-03-01,2026-03-13,2026-03-17,5,Approved,2026-03-07,
5157,1056,5,2026-01-19,2026-02-12,2026-02-13,2,Approved,2026-01-22,
5158,1051,2,2026-04-19,2026-04-25,2026-04-26,2,Rejected,2026-04-25,Coverage unavailable
5159,1059,2,2026-07-31,2026-08-07,2026-08-07,1,Approved,2026-08-01,
5160,1011,2,2026-06-02,2026-06-28,2026-06-30,3,Rejected,2026-06-06,Coverage unavailable
5161,1030,2,2026-06-29,2026-07-14,2026-07-16,3,Approved,2026-07-04,
5162,1035,5,2026-04-23,2026-04-28,2026-04-28,1,Approved,2026-04-27,
5163,1048,3,2026-06-04,2026-06-15,2026-06-15,1,Approved,2026-06-05,
5164,1015,1,2026-07-15,2026-08-08,2026-08-12,5,Approved,2026-07-20,
5165,1003,1,2026-05-01,2026-05-20,2026-05-27,8,Approved,2026-05-04,
5166,1012,4,2026-06-12,2026-07-11,2026-07-14,4,Pending,,
5167,1006,5,2026-03-31,2026-04-16,2026-04-18,3,Approved,2026-04-03,
5168,1043,1,2026-08-08,2026-08-16,2026-08-21,6,Approved,2026-08-12,
5169,1045,5,2026-03-15,2026-04-08,2026-04-11,4,Approved,2026-03-20,
5170,1003,5,2026-01-23,2026-02-05,2026-02-07,3,Approved,2026-01-26,
5171,1008,4,2026-08-10,2026-08-29,2026-08-29,1,Approved,2026-08-16,
5172,1056,5,2026-04-16,2026-04-20,2026-04-21,2,Approved,2026-04-21,
5173,1024,5,2026-06-10,2026-06-27,2026-06-27,1,Approved,2026-06-12,
5174,1018,1,2026-08-26,2026-09-07,2026-09-14,8,Approved,2026-09-01,
5175,1032,1,2026-01-08,2026-01-31,2026-02-03,4,Approved,2026-01-14,
5176,1011,2,2026-05-22,2026-05-25,2026-05-28,4,Approved,2026-05-23,
5177,1015,1,2026-04-29,2026-05-05,2026-05-07,3,Rejected,2026-05-03,Peak delivery period
5178,1019,2,2026-04-17,2026-05-16,2026-05-19,4,Approved,2026-04-21,
5179,1016,5,2026-05-22,2026-05-29,2026-06-01,4,Cancelled,,
5180,1013,1,2026-08-10,2026-08-15,2026-08-19,5,Approved,2026-08-14,
