EmployeeID,AnnualEntitlementDays,ApprovedDaysUsed,RemainingBalanceDays
1001,20,0,20
1002,20,4,16
1003,20,14,6
1004,20,1,19
1005,20,15,5
1006,20,8,12
1007,20,4,16
1008,20,7,13
1009,20,8,12
1010,20,0,20
1011,20,7,13
1012,20,0,20
1013,20,5,15
1014,20,12,8
1015,20,6,14
1016,20,33,0
1017,20,4,16
1018,20,15,5
1019,20,27,0
1020,20,9,11
1021,20,6,14
1022,20,10,10
1023,20,0,20
1024,20,5,15
1025,20,7,13
1026,20,0,20
1027,20,12,8
1028,20,8,12
1029,20,9,11
1030,20,3,17
1031,20,0,20
1032,20,9,11
1033,20,6,14
1034,20,0,20
1035,20,6,14
1036,20,9,11
1037,20,7,13
1038,20,0,20
1039,20,12,8
1040,20,0,20
1041,20,7,13
1042,20,4,16
1043,20,14,6
1044,20,0,20
1045,20,8,12
1046,20,4,16
1047,20,6,14
1048,20,12,8
1049,20,4,16
1050,20,8,12
1051,20,4,16
1052,20,5,15
1053,20,7,13
1054,20,0,20
1055,20,5,15
1056,20,15,5
1057,20,9,11
1058,20,10,10
1059,20,8,12
1060,20,1,19
